{
  "Probleme": [
    {
      "7056zs": {
        "X0": 0.0,
        "Y0": 0.0,
        "n": 0,
        "h": 0.0,
        "f(x,y)": "None",
        "solutia odeint": [
          [
            0.0,
            0.0,
            0.0
          ],
          [
            0.0,
            0.0,
            0.0
          ]
        ],
        "timp de executie": "0.0"
      }
    },
    {
      "7917wE": {
        "X0": 1.0,
        "Y0": 1.0,
        "n": 10,
        "h": 0.1,
        "f(x,y)": "2*x*y",
        "solutia odeint": [
          [
            1.0
          ],
          [
            1.233678137617259
          ],
          [
            1.5527073159329587
          ],
          [
            1.9937156795981579
          ],
          [
            2.6116967024793425
          ],
          [
            3.49034332970023
          ],
          [
            4.758821875253513
          ],
          [
            6.619369770012672
          ],
          [
            9.393333183104838
          ],
          [
            13.599054180755541
          ]
        ],
        "timp de executie": "0.0015583000003971392"
      }
    },
    {
      "8442GN": {
        "X0": 1.0,
        "Y0": 1.0,
        "n": 10,
        "h": 0.1,
        "f(x,y)": "2*x*y",
        "solutia odeint": [
          [
            1.0
          ],
          [
            1.233678137617259
          ],
          [
            1.5527073159329587
          ],
          [
            1.9937156795981579
          ],
          [
            2.6116967024793425
          ],
          [
            3.49034332970023
          ],
          [
            4.758821875253513
          ],
          [
            6.619369770012672
          ],
          [
            9.393333183104838
          ],
          [
            13.599054180755541
          ]
        ],
        "timp de executie": "-0.009619299999030773"
      }
    },
    {
      "3425ON": {
        "X0": 1.0,
        "Y0": 1.0,
        "n": 10,
        "h": 0.1,
        "f(x,y)": "2*x*y",
        "solutia odeint": [
          [
            1.0
          ],
          [
            1.233678137617259
          ],
          [
            1.5527073159329587
          ],
          [
            1.9937156795981579
          ],
          [
            2.6116967024793425
          ],
          [
            3.49034332970023
          ],
          [
            4.758821875253513
          ],
          [
            6.619369770012672
          ],
          [
            9.393333183104838
          ],
          [
            13.599054180755541
          ]
        ],
        "timp de executie": "-0.0014897999990353128"
      }
    }
  ]
}